{
  "parent": "minecraft:item/handheld",
  "textures": {
    "layer0": "skythoria:item/staff_crystal"
  },
  "elements": [
    {
      "name": "staffshaft",
      "from": [
        7.75,
        0.25,
        7.75
      ],
      "to": [
        8.25,
        31.75,
        8.25
      ],
      "rotation": {
        "angle": 45,
        "axis": "y",
        "origin": [
          8,
          16,
          8
        ]
      },
      "faces": {
        "north": {
          "uv": [
            0,
            0,
            0.5,
            16
          ],
          "texture": "#layer0"
        },
        "east": {
          "uv": [
            0.5,
            0,
            1,
            16
          ],
          "texture": "#layer0"
        },
        "south": {
          "uv": [
            1,
            0,
            1.5,
            16
          ],
          "texture": "#layer0"
        },
        "west": {
          "uv": [
            1.5,
            0,
            2,
            16
          ],
          "texture": "#layer0"
        },
        "up": {
          "uv": [
            4,
            5,
            3.5,
            4.5
          ],
          "texture": "#layer0"
        },
        "down": {
          "uv": [
            4.5,
            4.5,
            4,
            5
          ],
          "texture": "#layer0"
        }
      }
    },
    {
      "name": "crystal1",
      "from": [
        7.25,
        30,
        7.25
      ],
      "to": [
        8.75,
        31.75,
        8.75
      ],
      "rotation": {
        "angle": 0,
        "axis": "y",
        "origin": [
          8,
          46,
          8
        ]
      },
      "faces": {
        "north": {
          "uv": [
            2,
            0,
            3,
            1
          ],
          "texture": "#layer0"
        },
        "east": {
          "uv": [
            2,
            1,
            3,
            2
          ],
          "texture": "#layer0"
        },
        "south": {
          "uv": [
            2,
            2,
            3,
            3
          ],
          "texture": "#layer0"
        },
        "west": {
          "uv": [
            3,
            0,
            4,
            1
          ],
          "texture": "#layer0"
        },
        "up": {
          "uv": [
            4,
            2,
            3,
            1
          ],
          "texture": "#layer0"
        },
        "down": {
          "uv": [
            3,
            3,
            2,
            4
          ],
          "texture": "#layer0"
        }
      }
    },
    {
      "name": "crystal2",
      "from": [
        7.5,
        29.5,
        7.5
      ],
      "to": [
        8.5,
        32,
        8.5
      ],
      "rotation": {
        "angle": 0,
        "axis": "y",
        "origin": [
          8,
          45.5,
          8
        ]
      },
      "faces": {
        "north": {
          "uv": [
            4,
            0,
            4.5,
            1.5
          ],
          "texture": "#layer0"
        },
        "east": {
          "uv": [
            4,
            1.5,
            4.5,
            3
          ],
          "texture": "#layer0"
        },
        "south": {
          "uv": [
            2,
            4,
            2.5,
            5.5
          ],
          "texture": "#layer0"
        },
        "west": {
          "uv": [
            2.5,
            4,
            3,
            5.5
          ],
          "texture": "#layer0"
        },
        "up": {
          "uv": [
            5,
            5,
            4.5,
            4.5
          ],
          "texture": "#layer0"
        },
        "down": {
          "uv": [
            5.5,
            0,
            5,
            0.5
          ],
          "texture": "#layer0"
        }
      }
    },
    {
      "name": "crystal3",
      "from": [
        7,
        30.5,
        7
      ],
      "to": [
        9,
        31.25,
        9
      ],
      "rotation": {
        "angle": 0,
        "axis": "y",
        "origin": [
          8,
          46,
          8
        ]
      },
      "faces": {
        "north": {
          "uv": [
            3,
            4,
            4,
            4.5
          ],
          "texture": "#layer0"
        },
        "east": {
          "uv": [
            4,
            3,
            5,
            3.5
          ],
          "texture": "#layer0"
        },
        "south": {
          "uv": [
            4,
            3.5,
            5,
            4
          ],
          "texture": "#layer0"
        },
        "west": {
          "uv": [
            4,
            4,
            5,
            4.5
          ],
          "texture": "#layer0"
        },
        "up": {
          "uv": [
            4,
            3,
            3,
            2
          ],
          "texture": "#layer0"
        },
        "down": {
          "uv": [
            4,
            3,
            3,
            4
          ],
          "texture": "#layer0"
        }
      }
    },
    {
      "name": "crystal4",
      "from": [
        7.5,
        29,
        7.5
      ],
      "to": [
        8.5,
        29.25,
        8.5
      ],
      "rotation": {
        "angle": 45,
        "axis": "y",
        "origin": [
          8,
          43,
          8
        ]
      },
      "faces": {
        "north": {
          "uv": [
            5,
            0.5,
            5.5,
            1
          ],
          "texture": "#layer0"
        },
        "east": {
          "uv": [
            5,
            1,
            5.5,
            1.5
          ],
          "texture": "#layer0"
        },
        "south": {
          "uv": [
            5,
            1.5,
            5.5,
            2
          ],
          "texture": "#layer0"
        },
        "west": {
          "uv": [
            5,
            2,
            5.5,
            2.5
          ],
          "texture": "#layer0"
        },
        "up": {
          "uv": [
            5.5,
            3,
            5,
            2.5
          ],
          "texture": "#layer0"
        },
        "down": {
          "uv": [
            5.5,
            3,
            5,
            3.5
          ],
          "texture": "#layer0"
        }
      }
    },
    {
      "name": "bottemshaft",
      "from": [
        7.5,
        0,
        7.5
      ],
      "to": [
        8.5,
        0.5,
        8.5
      ],
      "rotation": {
        "angle": 0,
        "axis": "y",
        "origin": [
          8,
          15.25,
          8
        ]
      },
      "faces": {
        "north": {
          "uv": [
            4.5,
            0,
            5,
            1
          ],
          "texture": "#layer0"
        },
        "east": {
          "uv": [
            4.5,
            1,
            5,
            2
          ],
          "texture": "#layer0"
        },
        "south": {
          "uv": [
            4.5,
            2,
            5,
            3
          ],
          "texture": "#layer0"
        },
        "west": {
          "uv": [
            3,
            4.5,
            3.5,
            5.5
          ],
          "texture": "#layer0"
        },
        "up": {
          "uv": [
            4,
            5.5,
            3.5,
            5
          ],
          "texture": "#layer0"
        },
        "down": {
          "uv": [
            5.5,
            3.5,
            5,
            4
          ],
          "texture": "#layer0"
        }
      }
    }
  ],
  "display": {
    "thirdperson_righthand": {
      "rotation": [
        66,
        0,
        -4
      ],
      "translation": [
        0,
        -1,
        -3
      ],
      "scale": [
        1.3,
        1.3,
        1.3
      ]
    },
    "thirdperson_lefthand": {
      "rotation": [
        66,
        0,
        -4
      ],
      "translation": [
        0,
        -1,
        -3
      ],
      "scale": [
        1.3,
        1.3,
        1.3
      ]
    },
    "ground": {
      "translation": [
        0,
        11,
        0
      ],
      "scale": [
        2,
        2,
        2
      ]
    },
    "gui": {
      "rotation": [
        32,
        12,
        -48
      ],
      "translation": [
        -3.75,
        -3.5,
        0
      ],
      "scale": [
        0.6,
        0.6,
        0.6
      ]
    },
    "head": {
      "rotation": [
        180,
        0,
        0
      ],
      "translation": [
        -6.5,
        23,
        0
      ]
    },
    "fixed": {
      "rotation": [
        -90,
        0,
        0
      ],
      "translation": [
        0,
        0,
        -15
      ],
      "scale": [
        2,
        2,
        2
      ]
    }
  }
}