{
    "format_version": "1.21.6",
    "credit": "Made with Blockbench 4.12.5",
    "parent": "builtin/entity",
    "texture_size": [
        32,
        32
    ],
    "textures": {
        "0": "minecraft:item/TestingStaff",
        "particle": "minecraft:item/TestingStaff"
    },
    "elements": [
        {
            "name": "Shaft",
            "from": [
                7.5,
                0,
                7.5
            ],
            "to": [
                8.5,
                31,
                8.5
            ],
            "rotation": {
                "angle": 45,
                "axis": "y",
                "origin": [
                    8,
                    15.5,
                    8
                ]
            },
            "faces": {
                "north": {
                    "uv": [
                        0,
                        0,
                        0.5,
                        15.5
                    ],
                    "texture": "#0"
                },
                "east": {
                    "uv": [
                        0.5,
                        0,
                        1,
                        15.5
                    ],
                    "texture": "#0"
                },
                "south": {
                    "uv": [
                        1,
                        0,
                        1.5,
                        15.5
                    ],
                    "texture": "#0"
                },
                "west": {
                    "uv": [
                        1.5,
                        0,
                        2,
                        15.5
                    ],
                    "texture": "#0"
                },
                "up": {
                    "uv": [
                        4,
                        4.5,
                        3.5,
                        4
                    ],
                    "texture": "#0"
                },
                "down": {
                    "uv": [
                        3.5,
                        5.5,
                        3,
                        6
                    ],
                    "texture": "#0"
                }
            }
        },
        {
            "name": "GemMid",
            "from": [
                6,
                30,
                6
            ],
            "to": [
                10,
                30.5,
                10
            ],
            "rotation": {
                "angle": 0,
                "axis": "x",
                "origin": [
                    8,
                    30.25,
                    8
                ]
            },
            "faces": {
                "north": {
                    "uv": [
                        5.5,
                        4,
                        7.5,
                        4.5
                    ],
                    "texture": "#0"
                },
                "east": {
                    "uv": [
                        5.5,
                        4.5,
                        7.5,
                        5
                    ],
                    "texture": "#0"
                },
                "south": {
                    "uv": [
                        5.5,
                        5,
                        7.5,
                        5.5
                    ],
                    "texture": "#0"
                },
                "west": {
                    "uv": [
                        5.5,
                        5.5,
                        7.5,
                        6
                    ],
                    "texture": "#0"
                },
                "up": {
                    "uv": [
                        4,
                        2,
                        2,
                        0
                    ],
                    "texture": "#0"
                },
                "down": {
                    "uv": [
                        4,
                        2,
                        2,
                        4
                    ],
                    "texture": "#0"
                }
            }
        },
        {
            "name": "GemTop",
            "from": [
                6.75,
                30.75,
                6.75
            ],
            "to": [
                9.25,
                31.25,
                9.25
            ],
            "rotation": {
                "angle": 45,
                "axis": "y",
                "origin": [
                    8,
                    31,
                    8
                ]
            },
            "faces": {
                "north": {
                    "uv": [
                        3,
                        6,
                        4.5,
                        6.5
                    ],
                    "texture": "#0"
                },
                "east": {
                    "uv": [
                        4.5,
                        6,
                        6,
                        6.5
                    ],
                    "texture": "#0"
                },
                "south": {
                    "uv": [
                        6,
                        6,
                        7.5,
                        6.5
                    ],
                    "texture": "#0"
                },
                "west": {
                    "uv": [
                        6.5,
                        0,
                        8,
                        0.5
                    ],
                    "texture": "#0"
                },
                "up": {
                    "uv": [
                        5.5,
                        1.5,
                        4,
                        0
                    ],
                    "texture": "#0"
                },
                "down": {
                    "uv": [
                        5.5,
                        1.5,
                        4,
                        3
                    ],
                    "texture": "#0"
                }
            }
        },
        {
            "name": "GemBot",
            "from": [
                6.75,
                29.25,
                6.75
            ],
            "to": [
                9.25,
                29.75,
                9.25
            ],
            "rotation": {
                "angle": 45,
                "axis": "y",
                "origin": [
                    8,
                    29.5,
                    8
                ]
            },
            "faces": {
                "north": {
                    "uv": [
                        6.5,
                        0.5,
                        8,
                        1
                    ],
                    "texture": "#0"
                },
                "east": {
                    "uv": [
                        6.5,
                        1,
                        8,
                        1.5
                    ],
                    "texture": "#0"
                },
                "south": {
                    "uv": [
                        6.5,
                        1.5,
                        8,
                        2
                    ],
                    "texture": "#0"
                },
                "west": {
                    "uv": [
                        2,
                        6.5,
                        3.5,
                        7
                    ],
                    "texture": "#0"
                },
                "up": {
                    "uv": [
                        3.5,
                        5.5,
                        2,
                        4
                    ],
                    "texture": "#0"
                },
                "down": {
                    "uv": [
                        5.5,
                        3,
                        4,
                        4.5
                    ],
                    "texture": "#0"
                }
            }
        },
        {
            "name": "GemCore",
            "from": [
                7,
                28.75,
                7
            ],
            "to": [
                9,
                31.75,
                9
            ],
            "rotation": {
                "angle": 0,
                "axis": "x",
                "origin": [
                    8,
                    28.75,
                    8
                ]
            },
            "faces": {
                "north": {
                    "uv": [
                        3.5,
                        4.5,
                        4.5,
                        6
                    ],
                    "texture": "#0"
                },
                "east": {
                    "uv": [
                        4.5,
                        4.5,
                        5.5,
                        6
                    ],
                    "texture": "#0"
                },
                "south": {
                    "uv": [
                        5.5,
                        0,
                        6.5,
                        1.5
                    ],
                    "texture": "#0"
                },
                "west": {
                    "uv": [
                        5.5,
                        1.5,
                        6.5,
                        3
                    ],
                    "texture": "#0"
                },
                "up": {
                    "uv": [
                        3,
                        6.5,
                        2,
                        5.5
                    ],
                    "texture": "#0"
                },
                "down": {
                    "uv": [
                        6.5,
                        3,
                        5.5,
                        4
                    ],
                    "texture": "#0"
                }
            }
        }
    ],
    "display": {
        "thirdperson_righthand": {
            "rotation": [
                63,
                0,
                -3
            ],
            "translation": [
                1,
                -2.25,
                -5.75
            ]
        },
        "thirdperson_lefthand": {
            "rotation": [
                63,
                0,
                -3
            ],
            "translation": [
                -0.5,
                -1.75,
                -5.75
            ]
        },
        "firstperson_righthand": {
            "rotation": [
                1,
                -8,
                0
            ],
            "translation": [
                1,
                -4.25,
                0
            ]
        },
        "firstperson_lefthand": {
            "rotation": [
                1,
                -8,
                0
            ],
            "translation": [
                1,
                -4.25,
                0
            ]
        },
        "ground": {
            "translation": [
                0,
                4.75,
                0
            ]
        },
        "gui": {
            "rotation": [
                0,
                -32,
                -43
            ],
            "translation": [
                -2.5,
                -3,
                0
            ],
            "scale": [
                0.5,
                0.5,
                0.5
            ]
        },
        "head": {
            "rotation": [
                180,
                0,
                0
            ],
            "translation": [
                -6.5,
                21,
                0
            ]
        },
        "fixed": {
            "translation": [
                0,
                12.75,
                0
            ],
            "scale": [
                2,
                2,
                2
            ]
        }
    }
}