{
  "format_version": "1.21.6",
  "credit": "Made with Blockbench 4.12.5",
  "parent": "builtin/entity",
  "texture_size": [
    32,
    32
  ],
  "textures": {
    "0": "minecraft:item/4",
    "particle": "minecraft:item/4"
  },
  "elements": [
    {
      "name": "Shaft",
      "from": [
        7,
        0,
        7
      ],
      "to": [
        8,
        31.9,
        8
      ],
      "rotation": {
        "angle": 0,
        "axis": "y",
        "origin": [
          7.5,
          15.95,
          7.5
        ]
      },
      "faces": {
        "north": {
          "uv": [
            0,
            0,
            0.5,
            16
          ],
          "texture": "#0"
        },
        "east": {
          "uv": [
            0.5,
            0,
            1,
            16
          ],
          "texture": "#0"
        },
        "south": {
          "uv": [
            1,
            0,
            1.5,
            16
          ],
          "texture": "#0"
        },
        "west": {
          "uv": [
            1.5,
            0,
            2,
            16
          ],
          "texture": "#0"
        },
        "up": {
          "uv": [
            6,
            4.5,
            5.5,
            4
          ],
          "texture": "#0"
        },
        "down": {
          "uv": [
            6,
            4.5,
            5.5,
            5
          ],
          "texture": "#0"
        }
      }
    },
    {
      "name": "BoneTipA",
      "from": [
        6.75,
        30.5,
        6
      ],
      "to": [
        8.25,
        32,
        7
      ],
      "rotation": {
        "angle": 0,
        "axis": "z",
        "origin": [
          7.5,
          31.25,
          6.5
        ]
      },
      "faces": {
        "north": {
          "uv": [
            2,
            0,
            3,
            1
          ],
          "texture": "#0"
        },
        "east": {
          "uv": [
            2.5,
            3,
            3,
            4
          ],
          "texture": "#0"
        },
        "south": {
          "uv": [
            2,
            1,
            3,
            2
          ],
          "texture": "#0"
        },
        "west": {
          "uv": [
            4.5,
            2.5,
            5,
            3.5
          ],
          "texture": "#0"
        },
        "up": {
          "uv": [
            5.5,
            4,
            4.5,
            3.5
          ],
          "texture": "#0"
        },
        "down": {
          "uv": [
            5.5,
            4.5,
            4.5,
            5
          ],
          "texture": "#0"
        }
      }
    },
    {
      "name": "BoneTipB",
      "from": [
        6.75,
        30.5,
        8
      ],
      "to": [
        8.25,
        32,
        9
      ],
      "rotation": {
        "angle": 0,
        "axis": "z",
        "origin": [
          7.5,
          31.25,
          8.5
        ]
      },
      "faces": {
        "north": {
          "uv": [
            2,
            2,
            3,
            3
          ],
          "texture": "#0"
        },
        "east": {
          "uv": [
            5,
            0,
            5.5,
            1
          ],
          "texture": "#0"
        },
        "south": {
          "uv": [
            3,
            0,
            4,
            1
          ],
          "texture": "#0"
        },
        "west": {
          "uv": [
            5,
            1,
            5.5,
            2
          ],
          "texture": "#0"
        },
        "up": {
          "uv": [
            3,
            5.5,
            2,
            5
          ],
          "texture": "#0"
        },
        "down": {
          "uv": [
            6,
            2.5,
            5,
            3
          ],
          "texture": "#0"
        }
      }
    },
    {
      "name": "BoneInnerTop",
      "from": [
        7.25,
        30.75,
        5.5
      ],
      "to": [
        7.75,
        31.75,
        9.5
      ],
      "rotation": {
        "angle": 0,
        "axis": "y",
        "origin": [
          7.5,
          31.25,
          7.5
        ]
      },
      "faces": {
        "north": {
          "uv": [
            5,
            5.5,
            5.5,
            6
          ],
          "texture": "#0"
        },
        "east": {
          "uv": [
            3,
            1,
            5,
            1.5
          ],
          "texture": "#0"
        },
        "south": {
          "uv": [
            5.5,
            5.5,
            6,
            6
          ],
          "texture": "#0"
        },
        "west": {
          "uv": [
            3,
            1.5,
            5,
            2
          ],
          "texture": "#0"
        },
        "up": {
          "uv": [
            2.5,
            5,
            2,
            3
          ],
          "texture": "#0"
        },
        "down": {
          "uv": [
            3.5,
            2,
            3,
            4
          ],
          "texture": "#0"
        }
      }
    },
    {
      "name": "BoneTipC",
      "from": [
        6.75,
        0,
        6
      ],
      "to": [
        8.25,
        1.5,
        7
      ],
      "rotation": {
        "angle": 0,
        "axis": "z",
        "origin": [
          7.5,
          0.75,
          6.5
        ]
      },
      "faces": {
        "north": {
          "uv": [
            3.5,
            2,
            4.5,
            3
          ],
          "texture": "#0"
        },
        "east": {
          "uv": [
            3,
            5,
            3.5,
            6
          ],
          "texture": "#0"
        },
        "south": {
          "uv": [
            3.5,
            3,
            4.5,
            4
          ],
          "texture": "#0"
        },
        "west": {
          "uv": [
            4.5,
            5,
            5,
            6
          ],
          "texture": "#0"
        },
        "up": {
          "uv": [
            6,
            3.5,
            5,
            3
          ],
          "texture": "#0"
        },
        "down": {
          "uv": [
            6,
            5,
            5,
            5.5
          ],
          "texture": "#0"
        }
      }
    },
    {
      "name": "BoneTipD",
      "from": [
        6.75,
        0,
        8
      ],
      "to": [
        8.25,
        1.5,
        9
      ],
      "rotation": {
        "angle": 0,
        "axis": "z",
        "origin": [
          7.5,
          0.75,
          8.5
        ]
      },
      "faces": {
        "north": {
          "uv": [
            4,
            0,
            5,
            1
          ],
          "texture": "#0"
        },
        "east": {
          "uv": [
            5.5,
            0,
            6,
            1
          ],
          "texture": "#0"
        },
        "south": {
          "uv": [
            2.5,
            4,
            3.5,
            5
          ],
          "texture": "#0"
        },
        "west": {
          "uv": [
            5.5,
            1,
            6,
            2
          ],
          "texture": "#0"
        },
        "up": {
          "uv": [
            3,
            6,
            2,
            5.5
          ],
          "texture": "#0"
        },
        "down": {
          "uv": [
            6.5,
            3.5,
            5.5,
            4
          ],
          "texture": "#0"
        }
      }
    },
    {
      "name": "BoneInnerBot",
      "from": [
        7.25,
        0.25,
        5.5
      ],
      "to": [
        7.75,
        1.25,
        9.5
      ],
      "rotation": {
        "angle": 0,
        "axis": "y",
        "origin": [
          7.5,
          0.75,
          7.5
        ]
      },
      "faces": {
        "north": {
          "uv": [
            6,
            0,
            6.5,
            0.5
          ],
          "texture": "#0"
        },
        "east": {
          "uv": [
            3.5,
            4,
            5.5,
            4.5
          ],
          "texture": "#0"
        },
        "south": {
          "uv": [
            6,
            0.5,
            6.5,
            1
          ],
          "texture": "#0"
        },
        "west": {
          "uv": [
            4.5,
            2,
            6.5,
            2.5
          ],
          "texture": "#0"
        },
        "up": {
          "uv": [
            4,
            6.5,
            3.5,
            4.5
          ],
          "texture": "#0"
        },
        "down": {
          "uv": [
            4.5,
            4.5,
            4,
            6.5
          ],
          "texture": "#0"
        }
      }
    }
  ],
  "display": {
    "thirdperson_righthand": {
      "rotation": [
        65.75,
        0,
        0
      ],
      "translation": [
        0.75,
        -1.25,
        -1.5
      ],
      "scale": [
        1.5,
        1.5,
        1.5
      ]
    },
    "thirdperson_lefthand": {
      "rotation": [
        65.75,
        0,
        0
      ],
      "translation": [
        -1,
        -1.25,
        -1.5
      ],
      "scale": [
        1.5,
        1.5,
        1.5
      ]
    },
    "ground": {
      "translation": [
        0,
        4.5,
        0
      ]
    },
    "gui": {
      "rotation": [
        128.3,
        46.09,
        -88.77
      ],
      "translation": [
        -3.25,
        -2.75,
        0
      ],
      "scale": [
        0.57,
        0.57,
        0.6
      ]
    },
    "head": {
      "rotation": [
        -107,
        0,
        90
      ],
      "translation": [
        14.75,
        3.5,
        0.75
      ],
      "scale": [
        2,
        2,
        2
      ]
    },
    "fixed": {
      "translation": [
        0,
        -9.5,
        0
      ]
    }
  }
}