{
	"format_version": "1.21.6",
	"credit": "Made with Blockbench",
	"texture_size": [32, 32],
	"textures": {
		"0": "staff_texture",
		"particle": "staff_texture"
	},
	"elements": [
		{
			"name": "StaffShaft",
			"from": [7, 0, -11],
			"to": [8, 1, 21],
			"rotation": {"angle": 0, "axis": "x", "origin": [7.5, 0.5, 1]},
			"faces": {
				"north": {"uv": [3.5, 2.5, 3, 3], "rotation": 180, "texture": "#0"},
				"east": {"uv": [0.5, 0, 1, 12], "rotation": 270, "texture": "#0"},
				"south": {"uv": [3.5, 2.5, 3, 2], "texture": "#0"},
				"west": {"uv": [1.5, 0, 2, 12], "rotation": 90, "texture": "#0"},
				"up": {"uv": [0, 0, 0.5, 12], "rotation": 180, "texture": "#0"},
				"down": {"uv": [1, 0, 1.5, 12], "texture": "#0"}
			}
		},
		{
			"name": "Orb",
			"from": [6.5, -0.5, 20],
			"to": [8.5, 1.5, 22],
			"rotation": {"angle": 0, "axis": "y", "origin": [7.5, 0.5, 21]},
			"faces": {
				"north": {"uv": [2, 0, 3, 1], "texture": "#0"},
				"east": {"uv": [2, 1, 3, 2], "texture": "#0"},
				"south": {"uv": [2, 2, 3, 3], "texture": "#0"},
				"west": {"uv": [3, 0, 4, 1], "texture": "#0"},
				"up": {"uv": [4, 2, 3, 1], "texture": "#0"},
				"down": {"uv": [3, 3, 2, 4], "texture": "#0"}
			}
		}
	],
	"display": {
		"thirdperson_righthand": {
			"rotation": [-20.75, 0, 0],
			"translation": [0.5, 8.25, 3]
		},
		"thirdperson_lefthand": {
			"rotation": [-21.25, 0, 0],
			"translation": [-1.25, 9, 4]
		},
		"firstperson_righthand": {
			"rotation": [-90, 0, 13],
			"translation": [0.25, 0.5, -5]
		},
		"firstperson_lefthand": {
			"rotation": [-90, -1, 0],
			"translation": [-5, 0, 0]
		},
		"ground": {
			"translation": [0, 4.75, 0]
		},
		"gui": {
			"rotation": [-91, 50, 146],
			"translation": [-2, 3.5, -0.5],
			"scale": [0.94, 1, 0.52]
		},
		"head": {
			"rotation": [90, 0, 0],
			"translation": [-6.25, 13.25, 9.5]
		},
		"fixed": {
			"translation": [0.5, 8.5, -1.25]
		}
	}
}